Currency,Amount,Address,Status,Date
USDT,914.061315,SYNTHETIC-ADDRESS-012,COMPLETE,2019-09-19 09:00:00
XRP,57.877005,SYNTHETIC-ADDRESS-011,COMPLETE,2019-08-19 01:00:00
USDT,752.874816,SYNTHETIC-ADDRESS-010,COMPLETE,2019-07-11 19:00:00
ETH,0.144543,SYNTHETIC-ADDRESS-009,COMPLETE,2019-06-24 22:00:00
ETH,0.668958,SYNTHETIC-ADDRESS-008,COMPLETE,2019-06-02 03:00:00
LTC,3.424695,SYNTHETIC-ADDRESS-007,COMPLETE,2019-05-12 02:00:00
BTC,0.033306,SYNTHETIC-ADDRESS-006,COMPLETE,2019-04-22 19:00:00
BTC,0.031685,SYNTHETIC-ADDRESS-005,COMPLETE,2019-03-18 02:00:00
BTC,0.003051,SYNTHETIC-ADDRESS-004,COMPLETE,2019-03-11 06:00:00
BTC,0.041494,SYNTHETIC-ADDRESS-003,COMPLETE,2019-02-22 04:00:00
ETH,0.547569,SYNTHETIC-ADDRESS-002,COMPLETE,2019-01-17 10:00:00
ETH,0.737948,SYNTHETIC-ADDRESS-001,COMPLETE,2019-01-05 09:00:00
