Currency,Rate,Amount,Duration,Interest,Fee,Earned,Open,Close
USDT,0.000577,52.10343,1.707963,0.05134765,0.00770215,0.0436455,2021-02-16 22:00:00,2021-02-18 14:59:28
USDT,0.000195,189.413351,1.923955,0.07106244,0.01065937,0.06040307,2021-02-14 18:00:00,2021-02-16 16:10:29
USDT,5.3e-05,211.799543,0.535696,0.00601339,0.00090201,0.00511138,2021-02-16 03:00:00,2021-02-16 15:51:24
USDT,7.3e-05,171.814245,0.054763,0.00068686,0.00010303,0.00058383,2021-02-16 09:00:00,2021-02-16 10:18:51
USDT,9.6e-05,147.426458,0.565068,0.00799737,0.00119961,0.00679776,2021-02-15 17:00:00,2021-02-16 06:33:41
USDT,0.000535,33.089755,0.443553,0.00785223,0.00117783,0.0066744,2021-02-15 08:00:00,2021-02-15 18:38:42
LTC,0.000211,4.390981,0.924311,0.00085637,0.00012846,0.00072791,2021-02-14 09:00:00,2021-02-15 07:11:00
ATOM,0.00059,14.852133,1.675607,0.01468294,0.00220244,0.0124805,2021-02-13 11:00:00,2021-02-15 03:12:52
USDT,0.000259,272.786518,1.016826,0.07184049,0.01077607,0.06106442,2021-02-13 20:00:00,2021-02-14 20:24:13
USDT,0.000238,393.327405,1.66625,0.15598087,0.02339713,0.13258374,2021-02-13 03:00:00,2021-02-14 18:59:24
ATOM,0.000539,8.642688,1.940922,0.00904161,0.00135624,0.00768537,2021-02-12 14:00:00,2021-02-14 12:34:55
USDT,0.000534,257.670359,0.867174,0.11931965,0.01789795,0.1014217,2021-02-13 15:00:00,2021-02-14 11:48:43
USDT,0.000108,375.164279,1.639651,0.06643496,0.00996524,0.05646972,2021-02-11 21:00:00,2021-02-13 12:21:05
USDT,0.00015,119.520211,1.865171,0.03343884,0.00501583,0.02842301,2021-02-10 00:00:00,2021-02-11 20:45:50
LTC,0.000209,11.632976,1.005176,0.00244388,0.00036658,0.0020773,2021-02-10 13:00:00,2021-02-11 13:07:27
USDT,0.000353,298.570546,0.387018,0.04078992,0.00611849,0.03467143,2021-02-11 02:00:00,2021-02-11 11:17:18
USDT,6e-05,151.860388,0.508393,0.00463229,0.00069484,0.00393745,2021-02-10 22:00:00,2021-02-11 10:12:05
USDT,0.000354,148.877675,1.854072,0.09771459,0.01465719,0.0830574,2021-02-09 05:00:00,2021-02-11 01:29:51
LTC,0.00034,2.809147,0.484488,0.00046274,6.941e-05,0.00039333,2021-02-09 17:00:00,2021-02-10 04:37:39
LTC,8.7e-05,12.987201,1.726922,0.00195123,0.00029268,0.00165855,2021-02-08 11:00:00,2021-02-10 04:26:46
USDT,0.000399,376.572889,1.605241,0.24119161,0.03617874,0.20501287,2021-02-08 05:00:00,2021-02-09 19:31:32
ATOM,0.000556,3.091151,1.145484,0.00196872,0.00029531,0.00167341,2021-02-07 09:00:00,2021-02-08 12:29:29
USDT,0.00049,126.043675,0.374855,0.02315157,0.00347274,0.01967883,2021-02-07 23:00:00,2021-02-08 07:59:47
USDT,0.000517,331.515362,1.355188,0.23227034,0.03484055,0.19742979,2021-02-06 21:00:00,2021-02-08 05:31:28
USDT,0.000484,394.331633,1.943675,0.37096303,0.05564445,0.31531858,2021-02-06 02:00:00,2021-02-08 00:38:53
USDT,7.2e-05,120.914423,1.560205,0.01358289,0.00203743,0.01154546,2021-02-06 09:00:00,2021-02-07 22:26:41
ATOM,0.000393,5.64097,1.029402,0.00228208,0.00034231,0.00193977,2021-02-05 20:00:00,2021-02-06 20:42:20
USDT,0.000355,27.403513,0.886512,0.00862421,0.00129363,0.00733058,2021-02-05 16:00:00,2021-02-06 13:16:34
LTC,0.000282,6.653337,0.719663,0.00135026,0.00020254,0.00114772,2021-02-05 10:00:00,2021-02-06 03:16:18
USDT,0.000171,387.667017,1.905483,0.12631649,0.01894747,0.10736902,2021-02-04 01:00:00,2021-02-05 22:43:53
ATOM,0.000417,3.279132,0.455187,0.00062242,9.336e-05,0.00052906,2021-02-04 17:00:00,2021-02-05 03:55:28
USDT,0.000404,377.01177,0.738705,0.11251419,0.01687713,0.09563706,2021-02-03 13:00:00,2021-02-04 06:43:44
ATOM,0.000117,2.919882,0.889815,0.00030398,4.56e-05,0.00025838,2021-02-03 00:00:00,2021-02-03 21:21:20
USDT,0.000167,182.768697,0.612532,0.01869593,0.00280439,0.01589154,2021-02-03 06:00:00,2021-02-03 20:42:02
ATOM,0.000494,8.114186,1.020426,0.00409028,0.00061354,0.00347674,2021-02-02 03:00:00,2021-02-03 03:29:24
LTC,0.000568,13.271497,0.526589,0.00396954,0.00059543,0.00337411,2021-02-02 14:00:00,2021-02-03 02:38:17
LTC,0.000383,14.627044,0.406812,0.00227903,0.00034185,0.00193718,2021-02-01 15:00:00,2021-02-02 00:45:48
LTC,0.000542,1.390121,0.136104,0.00010255,1.538e-05,8.717e-05,2021-02-01 01:00:00,2021-02-01 04:15:59
USDT,7.3e-05,92.69633,0.204513,0.00138391,0.00020759,0.00117632,2021-01-31 07:00:00,2021-01-31 11:54:29
LTC,0.000481,8.776186,0.221158,0.00093358,0.00014004,0.00079354,2021-01-31 02:00:00,2021-01-31 07:18:28
ATOM,0.000116,9.667417,0.132893,0.00014903,2.235e-05,0.00012668,2021-01-30 06:00:00,2021-01-30 09:11:21
USDT,0.000477,251.250763,0.308107,0.03692558,0.00553884,0.03138674,2021-01-29 22:00:00,2021-01-30 05:23:40
ATOM,0.000498,10.274648,1.038354,0.00531302,0.00079695,0.00451607,2021-01-28 08:00:00,2021-01-29 08:55:13
USDT,0.000338,222.093486,0.047223,0.00354492,0.00053174,0.00301318,2021-01-29 04:00:00,2021-01-29 05:08:00
LTC,0.000127,11.492947,1.973233,0.00288014,0.00043202,0.00244812,2021-01-26 17:00:00,2021-01-28 16:21:27
USDT,0.000167,30.637616,1.007312,0.00515389,0.00077308,0.00438081,2021-01-27 03:00:00,2021-01-28 03:10:31
USDT,0.000509,226.854051,0.1312,0.0151495,0.00227242,0.01287708,2021-01-27 17:00:00,2021-01-27 20:08:55
LTC,0.000589,12.571147,1.317964,0.00975874,0.00146381,0.00829493,2021-01-25 19:00:00,2021-01-27 02:37:52
ATOM,0.000571,6.619415,1.452349,0.00548942,0.00082341,0.00466601,2021-01-25 02:00:00,2021-01-26 12:51:22
USDT,0.000122,228.490817,0.038343,0.00106884,0.00016033,0.00090851,2021-01-26 10:00:00,2021-01-26 10:55:12
USDT,0.000375,30.468563,0.936054,0.01069508,0.00160426,0.00909082,2021-01-25 11:00:00,2021-01-26 09:27:55
ATOM,0.000233,12.047896,1.603639,0.00450167,0.00067525,0.00382642,2021-01-24 10:00:00,2021-01-26 00:29:14
ATOM,0.000239,13.728789,1.289835,0.00423218,0.00063483,0.00359735,2021-01-23 18:00:00,2021-01-25 00:57:21
ATOM,0.000463,11.95224,0.961285,0.00531964,0.00079795,0.00452169,2021-01-24 01:00:00,2021-01-25 00:04:15
ATOM,0.000162,3.753886,1.251892,0.00076131,0.0001142,0.00064711,2021-01-23 14:00:00,2021-01-24 20:02:43
ATOM,0.000431,4.628441,1.913465,0.00381709,0.00057256,0.00324453,2021-01-22 09:00:00,2021-01-24 06:55:23
USDT,0.000251,382.90024,0.44872,0.04312556,0.00646883,0.03665673,2021-01-23 03:00:00,2021-01-23 13:46:09
USDT,0.000387,261.847932,1.578915,0.15999959,0.02399994,0.13599965,2021-01-20 15:00:00,2021-01-22 04:53:38
ATOM,6.6e-05,5.977876,0.065595,2.588e-05,3.88e-06,2.2e-05,2021-01-21 21:00:00,2021-01-21 22:34:27
USDT,0.000457,330.966518,0.461212,0.0697591,0.01046387,0.05929523,2021-01-21 01:00:00,2021-01-21 12:04:08
LTC,0.000142,6.133797,1.546156,0.0013467,0.000202,0.0011447,2021-01-19 19:00:00,2021-01-21 08:06:27
USDT,0.000525,391.830472,1.395432,0.28705571,0.04305836,0.24399735,2021-01-19 07:00:00,2021-01-20 16:29:25
ATOM,0.000129,5.365932,1.501851,0.00103959,0.00015594,0.00088365,2021-01-17 03:00:00,2021-01-18 15:02:39
USDT,0.000349,75.708965,0.063815,0.00168615,0.00025292,0.00143323,2021-01-18 11:00:00,2021-01-18 12:31:53
USDT,0.000318,63.834336,1.955868,0.03970279,0.00595542,0.03374737,2021-01-16 08:00:00,2021-01-18 06:56:26
ATOM,0.000139,12.603975,0.05596,9.804e-05,1.471e-05,8.333e-05,2021-01-17 15:00:00,2021-01-17 16:20:34
USDT,0.000576,261.07564,1.208536,0.18173912,0.02726087,0.15447825,2021-01-15 13:00:00,2021-01-16 18:00:17
USDT,8.9e-05,253.22016,0.423826,0.00955159,0.00143274,0.00811885,2021-01-14 21:00:00,2021-01-15 07:10:18
ATOM,0.000107,6.585704,1.272236,0.00089651,0.00013448,0.00076203,2021-01-13 19:00:00,2021-01-15 01:32:01
LTC,5e-05,1.736058,0.311017,2.7e-05,4.05e-06,2.295e-05,2021-01-14 14:00:00,2021-01-14 21:27:51
ATOM,0.000479,13.593462,1.750281,0.01139655,0.00170948,0.00968707,2021-01-13 03:00:00,2021-01-14 21:00:24
USDT,0.000165,45.592094,0.332983,0.00250493,0.00037574,0.00212919,2021-01-14 00:00:00,2021-01-14 07:59:29
USDT,0.000334,282.38759,1.23901,0.11686027,0.01752904,0.09933123,2021-01-12 22:00:00,2021-01-14 03:44:10
USDT,0.000344,75.357029,1.223527,0.03171727,0.00475759,0.02695968,2021-01-12 08:00:00,2021-01-13 13:21:52
USDT,0.000507,24.583963,0.372862,0.00464738,0.00069711,0.00395027,2021-01-11 19:00:00,2021-01-12 03:56:55
ATOM,0.000133,14.408237,0.360673,0.00069116,0.00010367,0.00058749,2021-01-11 08:00:00,2021-01-11 16:39:22
ATOM,0.000203,13.095783,0.83644,0.00222363,0.00033354,0.00189009,2021-01-10 17:00:00,2021-01-11 13:04:28
USDT,0.000269,300.578084,1.834464,0.14832651,0.02224898,0.12607753,2021-01-09 14:00:00,2021-01-11 10:01:37
USDT,0.000271,83.219187,0.5629,0.01269475,0.00190421,0.01079054,2021-01-10 09:00:00,2021-01-10 22:30:34
USDT,0.000114,83.858384,0.127319,0.00121715,0.00018257,0.00103458,2021-01-09 01:00:00,2021-01-09 04:03:20
USDT,0.000538,292.318562,0.70054,0.11017209,0.01652581,0.09364628,2021-01-08 07:00:00,2021-01-08 23:48:46
USDT,0.00022,297.840547,1.160113,0.07601631,0.01140245,0.06461386,2021-01-07 13:00:00,2021-01-08 16:50:33
USDT,0.00057,339.187757,0.953456,0.18433834,0.02765075,0.15668759,2021-01-07 07:00:00,2021-01-08 05:52:58
USDT,0.000377,284.212239,1.163991,0.12471932,0.0187079,0.10601142,2021-01-06 13:00:00,2021-01-07 16:56:08
ATOM,0.000418,1.548902,1.531496,0.00099155,0.00014873,0.00084282,2021-01-05 23:00:00,2021-01-07 11:45:21
USDT,0.000141,214.534476,0.690691,0.02089296,0.00313394,0.01775902,2021-01-05 04:00:00,2021-01-05 20:34:35
ATOM,0.000451,13.251925,0.582996,0.00348434,0.00052265,0.00296169,2021-01-04 22:00:00,2021-01-05 11:59:30
USDT,0.000184,285.617885,1.153103,0.06059982,0.00908997,0.05150985,2021-01-04 02:00:00,2021-01-05 05:40:28
USDT,0.000558,196.928709,0.729549,0.08016738,0.01202511,0.06814227,2021-01-03 15:00:00,2021-01-04 08:30:33
LTC,0.000163,1.834416,1.363996,0.00040785,6.118e-05,0.00034667,2021-01-02 22:00:00,2021-01-04 06:44:09
USDT,0.000347,179.272837,1.146118,0.07129734,0.0106946,0.06060274,2021-01-02 07:00:00,2021-01-03 10:30:24
USDT,0.000401,241.008062,0.751071,0.07258668,0.010888,0.06169868,2021-01-02 16:00:00,2021-01-03 10:01:32
LTC,0.000173,2.733227,1.258592,0.00059512,8.927e-05,0.00050585,2021-01-01 18:00:00,2021-01-03 00:12:22
ATOM,0.000182,6.85441,1.106584,0.00138047,0.00020707,0.0011734,2021-01-01 13:00:00,2021-01-02 15:33:28
LTC,7.7e-05,9.19758,0.449953,0.00031866,4.78e-05,0.00027086,2021-01-01 23:00:00,2021-01-02 09:47:55
USDT,0.00055,241.459442,0.437249,0.05806784,0.00871018,0.04935766,2021-01-01 07:00:00,2021-01-01 17:29:38
USDT,0.000267,380.188837,0.10609,0.01076924,0.00161539,0.00915385,2021-01-01 00:00:00,2021-01-01 02:32:46
